{
    "description": "Brutality",
    "supported_items": "#enchantology:brutality",
    "slots": ["mainhand"],
    "weight": 2,
    "anvil_cost": 4,
    "min_cost": {
        "base": 10,
        "per_level_above_first": 20
    },
    "max_cost": {
        "base": 60,
        "per_level_above_first": 20
    },
    "max_level": 1,
    "effects":{
        "minecraft:post_attack":[
        {
            "enchanted": "attacker",
            "affected": "victim",
            "effect": {
                "type": "minecraft:all_of",
                "effects": [
                {
                    "type": "minecraft:run_function",
                    "function": "enchantology:brutality/bleed_set_duration"
                },
                {
                    "type": "minecraft:spawn_particles",
                    "particle": {
                        "type": "minecraft:dust",
                        "color": [1, 0, 0],
                        "scale": 2.5
                    },
                    "horizontal_position": {
                        "type": "in_bounding_box",
                        "scale": 2
                    },
                    "vertical_position": {
                        "type": "in_bounding_box",
                        "scale": 2
                    },
                    "horizontal_velocity": {
                        "base": 0
                    },
                    "vertical_velocity": {
                        "base": 0
                    }
                }
                ]
            }
        }
        ]
    }
}