{
    "description": "Certainty",
    "supported_items": "#minecraft:enchantable/sharp_weapon",
    "primary_items": "#minecraft:swords",
    "exclusive_set": "#enchantology:exclusive_set/damage",
    "slots": ["mainhand"],
    "weight": 5,
    "anvil_cost": 2,
    "min_cost": {
        "base": 5,
        "per_level_above_first": 8
    },
    "max_cost": {
        "base": 25,
        "per_level_above_first": 8
    },
    "max_level": 5,
    "effects":{
        "minecraft:post_attack":[{
            "enchanted": "attacker",
            "affected": "victim",
            "effect": {
                "type": "minecraft:damage_entity",
                "damage_type": "minecraft:player_attack",
                "min_damage": {
                    "type":"minecraft:linear",
                    "base": 2.5,
                    "per_level_above_first": 2.5
                },
                "max_damage": 12.5
            },
            "requirements":{
                "condition": "minecraft:entity_properties",
                "entity": "this",
                "predicate": {
                    "type": "#enchantology:ender"
                      }
                    }
        }]
    }
}