{
  "description": "Curse of Combustion",
  "exclusive_set": "#enchantology:exclusive_set/incompatible_with_fire",
  "supported_items": "#minecraft:enchantable/armor",
  "weight": 1,
  "max_level": 1,
  "min_cost": {
    "base": 25,
    "per_level_above_first": 0
  },
  "max_cost": {
    "base": 50,
    "per_level_above_first": 0
  },
  "anvil_cost": 8,
  "slots": [
    "armor"
  ],
  "effects": {
        "minecraft:tick":[
        {
            "effect": {
                "type": "minecraft:all_of",
                "effects": [
                {
                    "type": "minecraft:run_function",
                    "function": "enchantology:combustion_curse/combustion_ignite_in_radius"
                }
                ]
            }
        }
        ]
    }
}
