{
  "description": "Curse of Contraction",
  "supported_items": "#minecraft:enchantable/armor",
  "exclusive_set": "#enchantology:exclusive_set/incompatible_with_reality",
  "weight": 1,
  "max_level": 1,
  "min_cost": {
    "base": 25,
    "per_level_above_first": 0
  },
  "max_cost": {
    "base": 50,
    "per_level_above_first": 0
  },
  "anvil_cost": 8,
  "slots": [
    "armor"
  ],
  "effects": {
    "minecraft:attributes": [
      {
        "id": "minecraft:generic.scale",
        "attribute": "minecraft:scale",
        "amount": -0.125,
        "operation": "add_multiplied_base"
      },
      {
        "id": "minecraft:generic.movement_speed",
        "attribute": "minecraft:movement_speed",
        "amount": -0.125,
        "operation": "add_multiplied_base"
      },
      {
        "id": "minecraft:generic.attack_damage",
        "attribute": "minecraft:attack_damage",
        "amount": -0.125,
        "operation": "add_multiplied_base"
      },
      {
        "id": "minecraft:player.entity_interaction_range",
        "attribute": "minecraft:entity_interaction_range",
        "amount": -0.125,
        "operation": "add_multiplied_base"
      },
      {
        "id": "minecraft:player.block_interaction_range",
        "attribute": "minecraft:block_interaction_range",
        "amount": -0.125,
        "operation": "add_multiplied_base"
      },
      {
        "id": "minecraft:generic.jump_strength",
        "attribute": "minecraft:jump_strength",
        "amount": -0.10,
        "operation": "add_multiplied_base"
      }
    ]
  }
}
