{
  "description": "Cushioning",
  "supported_items": [
    "minecraft:bow",
    "minecraft:crossbow"
  ],
  "exclusive_set": "#enchantology:exclusive_set/incompatible_with_reality",
  "weight": 1,
  "max_level": 1,
  "min_cost": {
    "base": 20,
    "per_level_above_first": 0
  },
  "max_cost": {
    "base": 50,
    "per_level_above_first": 0
  },
  "anvil_cost": 8,
  "slots": [
    "mainhand"
  ],
  "effects": {
    "minecraft:hit_block": [
            {
                "effect": {
                    "type": "minecraft:all_of",
                    "effects": [
                        {
                            "type": "minecraft:run_function",
                            "function": "enchantology:cushioning/label_arrow"
                        },
                        {
                          "type": "minecraft:run_function",
                          "function": "enchantology:cushioning/prevent_fall_damage"
                        },
                        {
                          "type": "minecraft:run_function",
                          "function": "enchantology:cushioning/spawn_particles"
                        }
                    ]
                }
            }
        ]
    }
}
