{
  "description": "Dexterity",
  "supported_items": "#enchantology:dexterity",
  "weight": 5,
  "max_level": 3,
  "min_cost": {
    "base": 5,
    "per_level_above_first": 8
  },
  "max_cost": {
    "base": 25,
    "per_level_above_first": 8
  },
  "anvil_cost": 2,
  "slots": [
    "hand"
  ],
  "effects": {
    "minecraft:attributes": [
      {
        "id": "minecraft:generic.attack_speed",
        "attribute": "minecraft:attack_speed",
        "amount": {
          "type": "minecraft:linear",
          "base": 0.25,
          "per_level_above_first": 0.25
        },
        "operation": "add_multiplied_base"
      }
    ]
  }
}
