{
  "description": "Explosive",
  "supported_items": "#minecraft:enchantable/crossbow",
  "exclusive_set": "#enchantology:exclusive_set/incompatible_with_fire",
  "weight": 1,
  "max_level": 1,
  "min_cost": {
    "base": 25,
    "per_level_above_first": 0
  },
  "max_cost": {
    "base": 50,
    "per_level_above_first": 0
  },
  "anvil_cost": 8,
  "slots": [
    "mainhand"
  ],
  "effects": {
    "minecraft:hit_block": [
      {
        "effect": {
          "type": "minecraft:explode",
          "damage_type": "minecraft:explosion",
          "radius": 3.0,
          "block_interaction": "none",
          "small_particle": {
            "type": "minecraft:explosion_emitter"
          },
          "large_particle": {
            "type": "minecraft:explosion"
          },
          "sound": "entity.generic.explode",
          "knockback_multiplier": 2,
          "attribute_to_user": true,
          "create_fire": false
        },
        "requirements": {
          "condition": "entity_properties",
          "entity": "this",
          "predicate": {
            "type": "#minecraft:arrows"
          }
        }
      }
    ],
    "minecraft:damage": [
      {
        "effect": {
          "type": "minecraft:set",
          "value": 5.0
        },
        "requirements": {
          "condition": "entity_properties",
          "entity": "direct_attacker",
          "predicate": {
            "type": "#minecraft:arrows"
          }
        }
      }
    ],
    "minecraft:post_attack": [
      {
        "enchanted": "attacker",
        "affected": "victim",
        "effect": {
          "type": "minecraft:all_of",
          "effects": [
            {
              "type": "minecraft:explode",
              "damage_type": "minecraft:explosion",
              "radius": 3.0,
              "block_interaction": "none",
              "small_particle": {
                "type": "minecraft:explosion_emitter"
              },
              "large_particle": {
                "type": "minecraft:explosion"
              },
              "sound": "entity.generic.explode",
              "knockback_multiplier": 2,
              "attribute_to_user": true,
              "create_fire": false
            }
          ]
        },
        "requirements": {
          "condition": "entity_properties",
          "entity": "direct_attacker",
          "predicate": {
            "type": "#minecraft:arrows"
          }
        }
      }
    ]
  }
}
