{
  "description": "Extension",
  "supported_items": "minecraft:breeze_rod",
  "weight": 1,
  "max_level": 3,
  "min_cost": {
    "base": 3,
    "per_level_above_first": 8
  },
  "max_cost": {
    "base": 30,
    "per_level_above_first": 9
  },
  "anvil_cost": 1,
  "slots": [
    "hand"
  ],
  "effects": {
    "minecraft:attributes": [
      {
        "id": "minecraft:player.block_interaction_range",
        "attribute": "minecraft:block_interaction_range",
        "amount": {
          "type": "minecraft:linear",
          "base": 0.5,
          "per_level_above_first": 0.5
        },
        "operation": "add_value"
      }
    ]
  }
}
