{
    "description": "Galloping",
    "supported_items": "#enchantology:horse_armor",
    "slots": ["armor"],
    "weight": 1,
    "anvil_cost": 8,
    "min_cost": {
        "base": 10,
        "per_level_above_first": 10
    },
    "max_cost": {
        "base": 25,
        "per_level_above_first": 10
    },
    "max_level": 2,
    "effects":{
        "attributes": [
            {
                "attribute": "minecraft:movement_speed",
                "id": "minecraft:generic.movement_speed",
                "amount": {
                    "type": "linear",
                    "base": 0.05,
                    "per_level_above_first": 0.05
                },
                "operation": "add_value"
            }
        ]
    }
}