{
  "description": "Gnashing",
  "supported_items": "minecraft:wolf_armor",
  "weight": 10,
  "max_level": 5,
  "min_cost": {
    "base": 1,
    "per_level_above_first": 11
  },
  "max_cost": {
    "base": 21,
    "per_level_above_first": 11
  },
  "anvil_cost": 1,
  "slots": [
    "armor"
  ],
  "effects": {
    "attributes": [
      {
        "attribute": "minecraft:attack_damage",
        "id": "generic.attack_damage",
        "amount": {
          "type": "linear",
          "base": 1,
          "per_level_above_first": 1
        },
        "operation": "add_value"
      }
    ]
  }
}
