{
  "description": "Harvesting",
  "supported_items": "#minecraft:hoes",
  "weight": 1,
  "max_level": 3,
  "min_cost": {
    "base": 15,
    "per_level_above_first": 9
  },
  "max_cost": {
    "base": 65,
    "per_level_above_first": 9
  },
  "anvil_cost": 2,
  "slots": [
    "mainhand"
  ],
  "effects": {
    "minecraft:hit_block": [
      {
        "effect": {
          "type": "minecraft:all_of",
          "effects": [
            {
              "type": "minecraft:run_function",
              "function": "enchantology:raytrace/init_ray"
            },
            {
              "type": "minecraft:change_item_damage",
              "amount": 1
            }
          ]
        },
        "requirements":{
                "condition": "minecraft:entity_properties",
                 "entity": "this",
                 "predicate": {"flags": {"is_sneaking": false}}
            }
      }
    ]
  }
}
