{
  "description": "Intuition",
  "supported_items": [
    "minecraft:bow"
  ],
  "exclusive_set": [],
  "weight": 1,
  "max_level": 1,
  "min_cost": {
    "base": 20,
    "per_level_above_first": 0
  },
  "max_cost": {
    "base": 50,
    "per_level_above_first": 0
  },
  "anvil_cost": 8,
  "slots": [
    "mainhand"
  ],
  "effects": {
    "damage": [
      {
        "effect": {
          "type": "minecraft:multiply",
          "factor": 1.5
        },
        "requirements": {
          "condition": "minecraft:entity_properties",
          "entity": "attacker",
          "predicate": {
            "distance": {
              "absolute": {"min": 5}
              }
            }
          }
        }
    ]
  }
}
