{
  "description": "Lacerating",
  "supported_items": "minecraft:shears",
  "weight": 10,
  "max_level": 5,
  "min_cost": {
    "base": 1,
    "per_level_above_first": 11
  },
  "max_cost": {
    "base": 21,
    "per_level_above_first": 11
  },
  "anvil_cost": 1,
  "slots": [
    "mainhand"
  ],
  "effects": {
    "minecraft:damage": [
      {
        "effect": {
          "type": "minecraft:add",
          "value": {
            "type": "minecraft:linear",
            "base": 1,
            "per_level_above_first": 1
          }
        }
      }
    ]
  }
}
