{
  "anvil_cost": 1,
  "description": "Precision",
  "exclusive_set": [],
  "max_cost": {
    "base": 1,
    "per_level_above_first": 5
  },
  "max_level": 3,
  "min_cost": {
    "base": 16,
    "per_level_above_first": 5
  },
  "slots": [
    "mainhand"
  ],
  "supported_items": "minecraft:crossbow",
  "weight": 5,
  "effects": {
    "minecraft:projectile_spread": [
        {
            "effect": {
                "type": "minecraft:set",
                "value": {
                    "type": "minecraft:lookup",
                    "values": [
                        7.5, 5.0, 2.5
                    ],
                    "fallback": 0.0
                    }
                }
            }
        ]
    }
}