{
    "description": "Quarrying",
    "supported_items": "minecraft:netherite_pickaxe",
    "slots": ["mainhand"],
    "weight": 10,
    "anvil_cost": 1,
    "max_cost": {
        "base": 51,
        "per_level_above_first": 10
    },
    "min_cost": {
        "base": 1,
        "per_level_above_first": 10
    },
    "max_level": 1,
    "effects": {
        "hit_block": [
            {
                "effect": {
                    "type": "run_function",
                    "function": "enchantology:quarrying/destroy_block"
                }
            }
        ]
    }
}