{
  "description": "Reaching",
  "exclusive_set": "#enchantology:exclusive_set/aoe_melee",
  "supported_items": "#enchantology:reaching",
  "weight": 2,
  "max_level": 3,
  "min_cost": {
    "base": 5,
    "per_level_above_first": 9
  },
  "max_cost": {
    "base": 20,
    "per_level_above_first": 9
  },
  "anvil_cost": 4,
  "slots": [
    "mainhand"
  ],
  "effects": {
    "minecraft:attributes": [
      {
        "id": "minecraft:player.entity_interaction_range",
        "attribute": "minecraft:entity_interaction_range",
        "amount": {
          "type": "minecraft:linear",
          "base": 0.5,
          "per_level_above_first": 0.5
        },
        "operation": "add_value"
      }
    ]
  }
}
