{
    "description": "Salubrity",
    "supported_items": "#minecraft:enchantable/armor",
    "exclusive_set": "#enchantology:exclusive_set/salubrity",
    "slots": ["armor"],
    "weight": 1,
    "anvil_cost": 8,
    "max_cost": {
        "base": 75,
        "per_level_above_first": 25
    },
    "min_cost": {
        "base": 25,
        "per_level_above_first": 25
    },
    "max_level": 2,
    "effects":{
        "attributes": [
            {
                "attribute": "minecraft:max_health",
                "id": "minecraft:generic.max_health",
                "amount": {
                    "type": "linear",
                    "base": 1,
                    "per_level_above_first": 1
                },
                "operation": "add_value"
            }
        ]
    }
}