{
  "description": "Shattering",
  "supported_items": "#minecraft:axes",
  "weight": 2,
  "max_level": 3,
  "min_cost": {
    "base": 5,
    "per_level_above_first": 9
  },
  "max_cost": {
    "base": 20,
    "per_level_above_first": 9
  },
  "anvil_cost": 2,
  "slots": [
    "mainhand"
  ],
  "effects": {
    "minecraft:armor_effectiveness": [
      {
        "effect": {
          "type": "minecraft:add",
          "value": {
            "type": "minecraft:linear",
            "base": -0.10,
            "per_level_above_first": -0.10
          }
        }
      }
    ]
  }
}
