{
  "anvil_cost": 1,
  "description": "Steadfast",
  "effects": {
    "minecraft:damage_protection": [
      {
        "effect": {
          "type": "minecraft:add",
          "value": {
            "type": "minecraft:linear",
            "base": 1.0,
            "per_level_above_first": 1.0
          }
        },
        "requirements": {
          "condition": "minecraft:damage_source_properties",
          "predicate": {
            "tags": [
              {
                "expected": false,
                "id": "minecraft:bypasses_invulnerability"
              }
            ]
          }
        }
      }
    ]
  },
  "exclusive_set": [],
  "supported_items": "#enchantology:pet_armor",
  "max_cost": {
    "base": 12,
    "per_level_above_first": 11
  },
  "max_level": 4,
  "min_cost": {
    "base": 1,
    "per_level_above_first": 11
  },
  "slots": [
    "armor"
  ],
  "weight": 10
}