{
    "description": "Transposition",
    "supported_items": ["minecraft:bow",
                        "minecraft:crossbow"],
    "exclusive_set": "#enchantology:exclusive_set/incompatible_with_void",
    "slots": ["mainhand"],
    "weight": 2,
    "max_level": 1,
    "min_cost": {
        "base": 1,
        "per_level_above_first": 0
    },
    "max_cost": {
        "base": 21,
        "per_level_above_first": 0
    },
    "anvil_cost": 4,
    "effects":{
        "minecraft:post_attack":[
        {
            "effect": {
                "type": "minecraft:all_of",
                "effects": [
                {
                    "type": "minecraft:spawn_particles",
                    "particle":{
                        "type": "minecraft:portal"
                    },
                    "horizontal_position": {
                        "type": "in_bounding_box",
                        "scale": 2
                    },
                    "vertical_position": {
                        "type": "in_bounding_box",
                        "scale": 2
                    },
                    "horizontal_velocity": {
                        "base": 0
                    },
                    "vertical_velocity": {
                        "base": 0
                    }
                },
                {
                    "type": "minecraft:spawn_particles",
                    "particle":{
                        "type": "minecraft:portal"
                    },
                    "horizontal_position": {
                        "type": "in_bounding_box",
                        "scale": 2
                    },
                    "vertical_position": {
                        "type": "in_bounding_box",
                        "scale": 2
                    },
                    "horizontal_velocity": {
                        "base": 0
                    },
                    "vertical_velocity": {
                        "base": 0
                    }
                },
                {
                    "type": "minecraft:run_function",
                    "function": "enchantology:transposition/swap_positions"
                },
                {
                    "type": "minecraft:play_sound",
                    "sound": "entity.enderman.teleport",
                    "volume":1,
                    "pitch":1
                }
                ]
            },
            "enchanted":"attacker",
            "affected": "victim"
        }
        ]
    }
}