{
    "description": "Windshear",
    "supported_items": "minecraft:elytra",
    "exclusive_set": "#enchantology:exclusive_set/elytra",
    "slots": ["armor"],
    "weight": 10,
    "anvil_cost": 1,
    "min_cost": {
        "base": 1,
        "per_level_above_first": 11
    },
    "max_cost": {
        "base": 21,
        "per_level_above_first": 11
    },
    "max_level": 5,
    "effects":{
        "minecraft:tick":[{
            
            "effect": {
                "type": "minecraft:run_function",
                "function": "enchantology:windshear/damage_entity"
            },
            "requirements":{
                "condition": "minecraft:entity_properties",
                "entity": "this",
                "predicate": {
                    "movement": {
                        "speed": {
                            "min": 30.0
                        }
                    },
                    "flags": {
                        "is_flying": true
                    }
                }
            }
        }]
    }
}