{
  "anvil_cost": 2,
  "description": "Windshield",
  "effects": {
    "minecraft:damage_protection": [
      {
        "effect": {
          "type": "minecraft:add",
          "value": {
            "type": "minecraft:linear",
            "base": 0.5,
            "per_level_above_first": 0.5
          }
        },
        "requirements": {
          "condition": "minecraft:damage_source_properties",
          "predicate": {
            "tags": [
              {
                "expected": false,
                "id": "minecraft:bypasses_invulnerability"
              }
            ]
          }
        }
      }
    ]
  },
  "exclusive_set": "#enchantology:exclusive_set/elytra",
  "supported_items": "minecraft:elytra",
  "max_cost": {
    "base": 9,
    "per_level_above_first": 6
  },
  "max_level": 4,
  "min_cost": {
    "base": 5,
    "per_level_above_first": 6
  },
  "slots": [
    "armor"
  ],
  "weight": 5
}