{
  "type": "minecraft:entity",
  "pools": [
    {
      "bonus_rolls": 0.0,
      "entries": [
        {
          "type": "minecraft:item",
          "functions": [
            {
              "add": false,
              "count": 1.0,
              "function": "minecraft:set_count"
            }
          ],
          "name": "minecraft:saddle",
          "weight": 80
        },
        {
            "type": "minecraft:item",
            "functions": [
              {
                "function": "minecraft:enchant_randomly",
                "options": "enchantology:heartguard"
              }
            ],
            "name": "minecraft:book",
            "weight": 20
          }
      ],
      "rolls": 1.0
    }
  ],
  "random_sequence": "minecraft:entities/ravager"
}