{
    "criteria": {
      "drink_potion": {
        "trigger": "minecraft:consume_item",
        "conditions": {
          "item": {
            "items": "minecraft:potion"
        },
        "player": [
            {
              "condition": "minecraft:entity_properties",
              "entity": "this",
              "predicate": {
                "slots": {
                  "armor.*": {
                    "predicates": {
                      "minecraft:enchantments": [
                        {
                          "enchantments": "enchantology:alchemic"
                        }
                      ]
                    }
                  }
                }
              }
            }
          ]
        }
      }
    },
    "rewards": {
      "function": "enchantology:alchemic/alchemic_store_potion"
    }
  }