{
  "criteria": {
    "picked_up_bottle": {
      "trigger": "minecraft:inventory_changed",
      "conditions": {
        "items": [
          {
            "items": "minecraft:glass_bottle",
            "count": 1
          }
        ],
      "player": [
          {
            "condition": "minecraft:entity_properties",
            "entity": "this",
            "predicate": {
              "slots": {
                "armor.*": {
                  "predicates": {
                    "minecraft:enchantments": [
                      {
                        "enchantments": "enchantology:alchemic"
                      }
                    ]
                  }
                }
              },
              "type_specific": {
                "type": "minecraft:player",
                "advancements": {
                  "enchantology:alchemic/alchemic_drank_potion": true
                }
              }
            }
          }
        ]
      }
    }
  },
  "rewards": {
    "function": "enchantology:alchemic/alchemic_replace_potion"
  }
}