{
  "criteria": {
    "using_bow": {
      "trigger": "minecraft:using_item",
      "conditions": {
        "player": [
            {
              "condition": "minecraft:entity_properties",
              "entity": "this",
              "predicate": {
                "slots": {
                  "weapon.mainhand": {
                    "predicates": {
                      "minecraft:enchantments": [
                        {
                          "enchantments": "enchantology:intuition"
                        }
                      ]
                    }
                  }
                }
              }
            }
          ]
      }
    }
  },
  "rewards": {
    "function": "enchantology:intuition/blind_and_damage"
  }
}